Name;Beginn;Ende;Ressourcen;Personen
Erstsemesterbegrüßung;28.11.2016 09:00;28.11.2016 12:15;Vorlesungsraum 1.19, Schloss 10 (L09), MGH-TWIW16ITVA, Vorlesungsraum 1.18, Schloss 10 (L10), MGH-TWIW16ITVB/IPM;Möhringer, Herr Prof.
Einführung in die Wissenschaftstheorie zur praktischen Anwendung;28.11.2016 13:15;28.11.2016 16:30;Vorlesungsraum 1.19, Schloss 10 (L09), MGH-TWIW16ITVA, Vorlesungsraum 1.18, Schloss 10 (L10), MGH-TWIW16ITVB/IPM;
Werkstoffkunde (T2WIW1100);29.11.2016 13:30;29.11.2016 16:45;Vorlesungsraum 1.18, Schloss 10 (L10), MGH-TWIW16ITVB/IPM;Siegismund, Prof.
Technische Mechanik I (T2WIW1101);30.11.2016 09:00;30.11.2016 12:15;Vorlesungsraum 1.18, Schloss 10 (L10), MGH-TWIW16ITVB/IPM;Siegismund, Prof.
Informationstechnik I (T2WIW1003);30.11.2016 13:15;30.11.2016 16:30;MGH-TWIW16ITVB/IPM, Vorlesungsraum 0.26, Schloss 10 (L07);Lutz, Herr
Technische Mechanik I (T2WIW1101);01.12.2016 13:15;01.12.2016 16:30;Vorlesungsraum 1.18, Schloss 10 (L10), MGH-TWIW16ITVB/IPM;Siegismund, Prof.
Repetitorium Mathematik;02.12.2016 09:00;02.12.2016 12:15;Vorlesungsraum 1.18, Schloss 10 (L10), MGH-TWIW16ITVB/IPM;Adam, Herr
Volkswirtschaftslehre (T2WIW1002);02.12.2016 13:15;02.12.2016 17:15;Vorlesungsraum 1.18, Schloss 10 (L10), MGH-TWIW16ITVB/IPM;Dombrowski, Herr
Studium flexibel;05.12.2016 08:00;05.12.2016 17:00;MGH-TWIW16ITVB/IPM;
Technische Mechanik I (T2WIW1101);06.12.2016 13:15;06.12.2016 16:30;Vorlesungsraum 1.18, Schloss 10 (L10), MGH-TWIW16ITVB/IPM;Siegismund, Prof.
Informationstechnik I (T2WIW1003);07.12.2016 09:00;07.12.2016 12:15;MGH-TWIW16ITVB/IPM, Vorlesungsraum 0.26, Schloss 10 (L07);Lutz, Herr
Werkstoffkunde (T2WIW1100);07.12.2016 13:15;07.12.2016 16:30;Vorlesungsraum 1.18, Schloss 10 (L10), MGH-TWIW16ITVB/IPM;Siegismund, Prof.
Technische Mechanik I (T2WIW1101);08.12.2016 13:15;08.12.2016 16:30;Vorlesungsraum 1.18, Schloss 10 (L10), MGH-TWIW16ITVB/IPM;Siegismund, Prof.
Repetitorium Mathematik;09.12.2016 09:00;09.12.2016 12:15;Vorlesungsraum 1.18, Schloss 10 (L10), MGH-TWIW16ITVB/IPM;Adam, Herr
Volkswirtschaftslehre (T2WIW1002);09.12.2016 13:15;09.12.2016 17:15;Vorlesungsraum 1.18, Schloss 10 (L10), MGH-TWIW16ITVB/IPM;Dombrowski, Herr
Werkstoffkunde (T2WIW1100);12.12.2016 09:00;12.12.2016 12:15;Vorlesungsraum 1.18, Schloss 10 (L10), MGH-TWIW16ITVB/IPM;Siegismund, Prof.
Mathematik I (T2WIW1001);12.12.2016 13:15;12.12.2016 16:30;Vorlesungsraum 1.18, Schloss 10 (L10), MGH-TWIW16ITVB/IPM;Köberle, Frau Prof.
Mathematik I (T2WIW1001);13.12.2016 09:00;13.12.2016 12:15;Vorlesungsraum 0.12, Schloss 10, Pavillon, MGH-TWIW16ITVB/IPM;Köberle, Frau Prof.
Technische Mechanik I (T2WIW1101);13.12.2016 13:15;13.12.2016 16:30;Vorlesungsraum 0.12, Schloss 10, Pavillon, MGH-TWIW16ITVB/IPM;Siegismund, Prof.
Mathematik I (T2WIW1001);14.12.2016 09:00;14.12.2016 12:15;Vorlesungsraum 0.12, Schloss 10, Pavillon, MGH-TWIW16ITVB/IPM;Köberle, Frau Prof.
Technische Mechanik I (T2WIW1101);15.12.2016 13:15;15.12.2016 16:30;Vorlesungsraum 0.12, Schloss 10, Pavillon, MGH-TWIW16ITVB/IPM;Siegismund, Prof.
Repetitorium Mathematik;16.12.2016 09:00;16.12.2016 12:15;Vorlesungsraum 0.12, Schloss 10, Pavillon, MGH-TWIW16ITVB/IPM;Adam, Herr
Volkswirtschaftslehre (T2WIW1002);16.12.2016 13:15;16.12.2016 17:15;Vorlesungsraum 0.12, Schloss 10, Pavillon, MGH-TWIW16ITVB/IPM;Dombrowski, Herr
Werkstoffkunde (T2WIW1100);19.12.2016 09:00;19.12.2016 12:15;Vorlesungsraum 0.12, Schloss 10, Pavillon, MGH-TWIW16ITVB/IPM;Siegismund, Prof.
Mathematik I (T2WIW1001);19.12.2016 13:15;19.12.2016 16:30;Vorlesungsraum 0.12, Schloss 10, Pavillon, MGH-TWIW16ITVB/IPM;Köberle, Frau Prof.
Mathematik I (T2WIW1001);20.12.2016 09:00;20.12.2016 12:15;Vorlesungsraum 0.12, Schloss 10, Pavillon, MGH-TWIW16ITVB/IPM;Köberle, Frau Prof.
Technische Mechanik I (T2WIW1101);20.12.2016 13:15;20.12.2016 16:30;Vorlesungsraum 0.12, Schloss 10, Pavillon, MGH-TWIW16ITVB/IPM;Siegismund, Prof.
Mathematik I (T2WIW1001);21.12.2016 09:00;21.12.2016 12:15;Vorlesungsraum 0.12, Schloss 10, Pavillon, MGH-TWIW16ITVB/IPM;Köberle, Frau Prof.
Technische Mechanik I (T2WIW1101);21.12.2016 13:15;21.12.2016 16:30;Vorlesungsraum 0.12, Schloss 10, Pavillon, MGH-TWIW16ITVB/IPM;Siegismund, Prof.
Informationstechnik I (T2WIW1003);22.12.2016 09:00;22.12.2016 12:15;MGH-TWIW16ITVB/IPM, Vorlesungsraum 0.26, Schloss 10 (L07);Lutz, Herr
Informationstechnik I (T2WIW1003);22.12.2016 13:15;22.12.2016 17:15;MGH-TWIW16ITVB/IPM, Vorlesungsraum 0.26, Schloss 10 (L07);Lutz, Herr
Repetitorium Mathematik;23.12.2016 09:00;23.12.2016 12:15;Vorlesungsraum 0.12, Schloss 10, Pavillon, MGH-TWIW16ITVB/IPM;Adam, Herr
Volkswirtschaftslehre (T2WIW1002);23.12.2016 13:15;23.12.2016 16:30;Vorlesungsraum 0.12, Schloss 10, Pavillon, MGH-TWIW16ITVB/IPM;Dombrowski, Herr
Weihnachten;26.12.2016 08:00;26.12.2016 18:00;MGH-TWIW16ITVA, MGH-TWIW16ITVB/IPM;
Praxisphase;27.12.2016 08:00;27.12.2016 18:00;MGH-TWIW16ITVA, MGH-TWIW16ITVB/IPM;
Praxisphase;28.12.2016 08:00;28.12.2016 18:00;MGH-TWIW16ITVA, MGH-TWIW16ITVB/IPM;
Praxisphase;29.12.2016 08:00;29.12.2016 18:00;MGH-TWIW16ITVA, MGH-TWIW16ITVB/IPM;
Praxisphase;30.12.2016 08:00;30.12.2016 18:00;MGH-TWIW16ITVA, MGH-TWIW16ITVB/IPM;
Praxisphase;02.01.2017 08:00;02.01.2017 18:00;MGH-TWIW16ITVA, MGH-TWIW16ITVB/IPM;
Praxisphase;03.01.2017 08:00;03.01.2017 18:00;MGH-TWIW16ITVA, MGH-TWIW16ITVB/IPM;
Praxisphase;04.01.2017 08:00;04.01.2017 18:00;MGH-TWIW16ITVA, MGH-TWIW16ITVB/IPM;
Praxisphase;05.01.2017 08:00;05.01.2017 18:00;MGH-TWIW16ITVA, MGH-TWIW16ITVB/IPM;
Neujahr;06.01.2017 08:00;06.01.2017 18:00;MGH-TWIW16ITVA, MGH-TWIW16ITVB/IPM;
Werkstoffkunde (T2WIW1100);09.01.2017 13:15;09.01.2017 16:30;Vorlesungsraum 1.18, Schloss 10 (L10), MGH-TWIW16ITVB/IPM;Siegismund, Prof.
Technische Mechanik I (T2WIW1101);10.01.2017 09:00;10.01.2017 12:15;Vorlesungsraum 1.18, Schloss 10 (L10), MGH-TWIW16ITVB/IPM;Siegismund, Prof.
Volkswirtschaftslehre (T2WIW1002);10.01.2017 14:00;10.01.2017 16:15;Vorlesungsraum 1.18, Schloss 10 (L10), MGH-TWIW16ITVB/IPM;Dombrowski, Herr
Technische Mechanik I (T2WIW1101);11.01.2017 09:00;11.01.2017 12:15;Vorlesungsraum 1.18, Schloss 10 (L10), MGH-TWIW16ITVB/IPM;Siegismund, Prof.
Volkswirtschaftslehre (T2WIW1002);11.01.2017 14:00;11.01.2017 15:30;Vorlesungsraum 1.18, Schloss 10 (L10), MGH-TWIW16ITVB/IPM;Dombrowski, Herr
Studium flexibel;12.01.2017 08:00;12.01.2017 17:00;MGH-TWIW16ITVB/IPM;
Studium flexibel;13.01.2017 08:00;13.01.2017 17:00;MGH-TWIW16ITVB/IPM;
Allgemeine Betriebswirtschaftslehre (T2WIW1004);16.01.2017 09:00;16.01.2017 12:15;Vorlesungsraum 1.18, Schloss 10 (L10), MGH-TWIW16ITVB/IPM;Lutz, Prof. Dr.
Mathematik I (T2WIW1001);16.01.2017 13:15;16.01.2017 16:30;Vorlesungsraum 1.18, Schloss 10 (L10), MGH-TWIW16ITVB/IPM;Köberle, Frau Prof.
Mathematik I (T2WIW1001);17.01.2017 09:00;17.01.2017 12:15;Vorlesungsraum 1.18, Schloss 10 (L10), MGH-TWIW16ITVB/IPM;Köberle, Frau Prof.
Allgemeine Betriebswirtschaftslehre (T2WIW1004);17.01.2017 13:15;17.01.2017 16:30;Vorlesungsraum 1.18, Schloss 10 (L10), MGH-TWIW16ITVB/IPM;Lutz, Prof. Dr.
16:30 - 17:00 Uhr: Informationen zu T1000;17.01.2017 16:30;17.01.2017 18:00;MGH-TWIW16ITVA, MGH-TWIW16ITVB/IPM;Möhringer, Herr Prof.
Mathematik I (T2WIW1001);18.01.2017 09:00;18.01.2017 12:15;Vorlesungsraum 1.18, Schloss 10 (L10), MGH-TWIW16ITVB/IPM;Köberle, Frau Prof.
Allgemeine Betriebswirtschaftslehre (T2WIW1004);18.01.2017 13:15;18.01.2017 16:30;Vorlesungsraum 1.18, Schloss 10 (L10), MGH-TWIW16ITVB/IPM;Lutz, Prof. Dr.
Informationstechnik I (T2WIW1003);19.01.2017 09:00;19.01.2017 12:15;MGH-TWIW16ITVB/IPM, Vorlesungsraum 0.26, Schloss 10 (L07);Lutz, Herr
Informationstechnik I (T2WIW1003);19.01.2017 13:15;19.01.2017 16:30;MGH-TWIW16ITVB/IPM, Vorlesungsraum 0.26, Schloss 10 (L07);Lutz, Herr
Werkstoffkunde (T2WIW1100);20.01.2017 09:00;20.01.2017 12:15;Vorlesungsraum 1.18, Schloss 10 (L10), MGH-TWIW16ITVB/IPM;Siegismund, Prof.
Volkswirtschaftslehre (T2WIW1002);20.01.2017 13:15;20.01.2017 17:15;Vorlesungsraum 1.18, Schloss 10 (L10), MGH-TWIW16ITVB/IPM;Dombrowski, Herr
Allgemeine Betriebswirtschaftslehre (T2WIW1004);23.01.2017 09:00;23.01.2017 12:15;Vorlesungsraum 1.18, Schloss 10 (L10), MGH-TWIW16ITVB/IPM;Lutz, Prof. Dr.
Allgemeine Betriebswirtschaftslehre (T2WIW1004);23.01.2017 13:15;23.01.2017 16:30;Vorlesungsraum 1.18, Schloss 10 (L10), MGH-TWIW16ITVB/IPM;Lutz, Prof. Dr.
Informationstechnik I (T2WIW1003);24.01.2017 09:00;24.01.2017 12:15;MGH-TWIW16ITVB/IPM, Vorlesungsraum 0.26, Schloss 10 (L07);Lutz, Herr
Informationstechnik I (T2WIW1003);24.01.2017 13:15;24.01.2017 16:30;MGH-TWIW16ITVB/IPM, Vorlesungsraum 0.26, Schloss 10 (L07);Lutz, Herr
Werkstoffkunde (T2WIW1100);25.01.2017 09:00;25.01.2017 12:15;Vorlesungsraum 1.18, Schloss 10 (L10), MGH-TWIW16ITVB/IPM;Siegismund, Prof.
Technische Mechanik I (T2WIW1101);26.01.2017 09:00;26.01.2017 12:15;Vorlesungsraum 1.18, Schloss 10 (L10), MGH-TWIW16ITVB/IPM;Siegismund, Prof.
Einführung in die Bibliothek Gruppe 1 (BiB Schloss 2);26.01.2017 13:15;26.01.2017 14:45;MGH-TWIW16ITVB/IPM;
Einführung in die Bibliothek Gruppe 2 (BiB Schloss 2);26.01.2017 15:00;26.01.2017 16:30;MGH-TWIW16ITVB/IPM;
Volkswirtschaftslehre (T2WIW1002);27.01.2017 13:15;27.01.2017 17:15;Vorlesungsraum 1.18, Schloss 10 (L10), MGH-TWIW16ITVB/IPM;Dombrowski, Herr
Werkstoffkunde (T2WIW1100);30.01.2017 09:00;30.01.2017 12:15;Vorlesungsraum 1.18, Schloss 10 (L10), MGH-TWIW16ITVB/IPM;Siegismund, Prof.
Mathematik I (T2WIW1001);30.01.2017 13:15;30.01.2017 16:30;Vorlesungsraum 1.18, Schloss 10 (L10), MGH-TWIW16ITVB/IPM;Köberle, Frau Prof.
Mathematik I (T2WIW1001);31.01.2017 09:00;31.01.2017 12:15;Vorlesungsraum 1.18, Schloss 10 (L10), MGH-TWIW16ITVB/IPM;Köberle, Frau Prof.
Technische Mechanik I (T2WIW1101);31.01.2017 13:15;31.01.2017 16:30;Vorlesungsraum 1.18, Schloss 10 (L10), MGH-TWIW16ITVB/IPM;Siegismund, Prof.
Mathematik I (T2WIW1001);01.02.2017 09:00;01.02.2017 12:15;Vorlesungsraum 1.18, Schloss 10 (L10), MGH-TWIW16ITVB/IPM;Köberle, Frau Prof.
Technische Mechanik I (T2WIW1101);01.02.2017 13:15;01.02.2017 16:30;Vorlesungsraum 1.18, Schloss 10 (L10), MGH-TWIW16ITVB/IPM;Siegismund, Prof.
Allgemeine Betriebswirtschaftslehre (T2WIW1004);02.02.2017 09:00;02.02.2017 12:15;Vorlesungsraum 1.18, Schloss 10 (L10), MGH-TWIW16ITVB/IPM;Lutz, Prof. Dr.
Allgemeine Betriebswirtschaftslehre (T2WIW1004);02.02.2017 13:15;02.02.2017 16:30;Vorlesungsraum 1.18, Schloss 10 (L10), MGH-TWIW16ITVB/IPM;Lutz, Prof. Dr.
Allgemeine Betriebswirtschaftslehre (T2WIW1004);03.02.2017 09:00;03.02.2017 12:15;Vorlesungsraum 1.18, Schloss 10 (L10), MGH-TWIW16ITVB/IPM;Lutz, Prof. Dr.
Allgemeine Betriebswirtschaftslehre (T2WIW1004);03.02.2017 13:15;03.02.2017 16:30;Vorlesungsraum 1.18, Schloss 10 (L10), MGH-TWIW16ITVB/IPM;Lutz, Prof. Dr.
Allgemeine Betriebswirtschaftslehre (T2WIW1004);06.02.2017 09:00;06.02.2017 12:15;Vorlesungsraum 1.18, Schloss 10 (L10), MGH-TWIW16ITVB/IPM;Lutz, Prof. Dr.
Mathematik I (T2WIW1001);06.02.2017 13:15;06.02.2017 16:30;Vorlesungsraum 1.18, Schloss 10 (L10), MGH-TWIW16ITVB/IPM;Köberle, Frau Prof.
Mathematik I (T2WIW1001);07.02.2017 09:00;07.02.2017 12:15;Vorlesungsraum 1.18, Schloss 10 (L10), MGH-TWIW16ITVB/IPM;Köberle, Frau Prof.
Allgemeine Betriebswirtschaftslehre (T2WIW1004);07.02.2017 13:15;07.02.2017 16:30;Vorlesungsraum 1.18, Schloss 10 (L10), MGH-TWIW16ITVB/IPM;Lutz, Prof. Dr.
Mathematik I (T2WIW1001);08.02.2017 09:00;08.02.2017 12:15;Vorlesungsraum 1.18, Schloss 10 (L10), MGH-TWIW16ITVB/IPM;Köberle, Frau Prof.
Werkstoffkunde (T2WIW1100);08.02.2017 13:15;08.02.2017 16:30;Vorlesungsraum 1.18, Schloss 10 (L10), MGH-TWIW16ITVB/IPM;Siegismund, Prof.
Technische Mechanik I (T2WIW1101);09.02.2017 09:00;09.02.2017 12:15;Vorlesungsraum 1.18, Schloss 10 (L10), MGH-TWIW16ITVB/IPM;Siegismund, Prof.
Labor Technische Mechanik;09.02.2017 13:15;09.02.2017 17:15;Vorlesungsraum 0.24, Schloss 10, S02, MGH-TWIW16ITVB/IPM;Susam, Herr
Labor Technische Mechanik;10.02.2017 08:15;10.02.2017 12:15;Vorlesungsraum 0.24, Schloss 10, S02, MGH-TWIW16ITVB/IPM;Susam, Herr
Volkswirtschaftslehre (T2WIW1002);10.02.2017 13:15;10.02.2017 17:15;Vorlesungsraum 1.18, Schloss 10 (L10), MGH-TWIW16ITVB/IPM;Dombrowski, Herr
Werkstoffkunde (T2WIW1100);13.02.2017 09:00;13.02.2017 12:15;Vorlesungsraum 1.18, Schloss 10 (L10), MGH-TWIW16ITVB/IPM;Siegismund, Prof.
Mathematik I (T2WIW1001);13.02.2017 13:15;13.02.2017 16:30;Vorlesungsraum 1.18, Schloss 10 (L10), MGH-TWIW16ITVB/IPM;Köberle, Frau Prof.
Mathematik I (T2WIW1001);14.02.2017 09:00;14.02.2017 12:15;Vorlesungsraum 1.18, Schloss 10 (L10), MGH-TWIW16ITVB/IPM;Köberle, Frau Prof.
Technische Mechanik I (T2WIW1101);14.02.2017 13:15;14.02.2017 16:30;Vorlesungsraum 1.18, Schloss 10 (L10), MGH-TWIW16ITVB/IPM;Siegismund, Prof.
Technische Mechanik I (T2WIW1101);15.02.2017 09:00;15.02.2017 12:15;Vorlesungsraum 1.18, Schloss 10 (L10), MGH-TWIW16ITVB/IPM;Siegismund, Prof.
Labor Technische Mechanik;15.02.2017 13:15;15.02.2017 17:15;Vorlesungsraum 0.24, Schloss 10, S02, MGH-TWIW16ITVB/IPM;Susam, Herr
Technische Mechanik I (T2WIW1101);16.02.2017 13:15;16.02.2017 14:45;Vorlesungsraum 1.18, Schloss 10 (L10), MGH-TWIW16ITVB/IPM;Siegismund, Prof.
Informationsveranstaltung zum Auslandssemester (16ITV/IPM);16.02.2017 17:00;16.02.2017 19:00;Vorlesungsraum 1.19, Schloss 10 (L09), MGH-TWIW16ITVA, Vorlesungsraum 1.18, Schloss 10 (L10), MGH-TWIW16ITVB/IPM;Möhringer, Herr Prof.
Werkstoffkunde (T2WIW1100);17.02.2017 09:00;17.02.2017 12:15;Vorlesungsraum 1.18, Schloss 10 (L10), MGH-TWIW16ITVB/IPM;Siegismund, Prof.
Volkswirtschaftslehre (T2WIW1002);17.02.2017 13:15;17.02.2017 17:15;Vorlesungsraum 1.18, Schloss 10 (L10), MGH-TWIW16ITVB/IPM;Dombrowski, Herr
Labor Werkstoffkunde in MOSBACH;20.02.2017 09:00;20.02.2017 16:30;MGH-TWIW16ITVB/IPM;
Studium flexibel;21.02.2017 08:00;21.02.2017 17:00;MGH-TWIW16ITVA, MGH-TWIW16ITVB/IPM;
Informationstechnik I (T2WIW1003);22.02.2017 09:00;22.02.2017 12:15;MGH-TWIW16ITVB/IPM, Vorlesungsraum 0.26, Schloss 10 (L07);Lutz, Herr
Informationstechnik I (T2WIW1003);22.02.2017 13:15;22.02.2017 16:30;MGH-TWIW16ITVB/IPM, Vorlesungsraum 0.26, Schloss 10 (L07);Lutz, Herr
Studium flexibel;23.02.2017 08:00;23.02.2017 17:00;MGH-TWIW16ITVA, MGH-TWIW16ITVB/IPM;
Klausur Mathematik I;24.02.2017 14:15;24.02.2017 16:30;Vorlesungsraum 1.19, Schloss 10 (L09), MGH-TWIW16ITVA, Vorlesungsraum 1.18, Schloss 10 (L10), MGH-TWIW16ITVB/IPM;
Klausur Volkswirtschaftslehre;27.02.2017 09:00;27.02.2017 11:15;Vorlesungsraum 1.19, Schloss 10 (L09), MGH-TWIW16ITVA, Vorlesungsraum 1.18, Schloss 10 (L10), MGH-TWIW16ITVB/IPM;
Studium flexibel;28.02.2017 08:00;28.02.2017 17:00;MGH-TWIW16ITVA, MGH-TWIW16ITVB/IPM;
Klausur Werkstoffkunde;01.03.2017 09:00;01.03.2017 11:15;Vorlesungsraum 1.19, Schloss 10 (L09), MGH-TWIW16ITVA, Vorlesungsraum 1.18, Schloss 10 (L10), MGH-TWIW16ITVB/IPM;
Studium flexibel;02.03.2017 08:00;02.03.2017 17:00;MGH-TWIW16ITVA, MGH-TWIW16ITVB/IPM;
Klausur Technische Mechanik I;03.03.2017 09:00;03.03.2017 11:15;Vorlesungsraum 1.19, Schloss 10 (L09), MGH-TWIW16ITVA, Vorlesungsraum 1.18, Schloss 10 (L10), MGH-TWIW16ITVB/IPM;
